"0","mekong_data <- read_csv(""./mekong_data.csv"")"
"2","[1mRows: [22m[34m9856[39m [1mColumns: [22m[34m11[39m"
"2","[36m──[39m [1mColumn specification[22m [36m───────────────────────────────────────────────────────────────────────────────────────────────[39m
[1mDelimiter:[22m "",""
[31mchr[39m  (6): GEMS Station Number, Sample Date, Parameter Code, Analysis Method Code, Unit, Data Quality
[32mdbl[39m  (2): Depth, Value
[33mlgl[39m  (2): Value Flags, Status
[34mtime[39m (1): Sample Time"
"2","
[36mℹ[39m Use `spec()` to retrieve the full column specification for this data.
[36mℹ[39m Specify the column types or set `show_col_types = FALSE` to quiet this message."
